"","Year","Month","Day","Text","Count"
"1",2020,2,12,"coronavirus",16068
"2",2020,2,12,"covid-19",2686
"3",2020,2,12,"mobile world congress",2576
"4",2020,2,12,"covid19",1529
"5",2020,2,12,"mwc",1474
"6",2020,2,28,"coronavirus",31724
"7",2020,2,28,"covid-19",4290
"8",2020,2,28,"ibuprofeno",3836
"9",2020,2,28,"covid19",1876
"10",2020,2,28,"covid2019",1776
"11",2020,2,29,"coronavirus",26820
"12",2020,2,29,"covid-19",3974
"13",2020,2,29,"ibuprofeno",3137
"14",2020,2,29,"covid19",2418
"15",2020,2,29,"vih",2014
"16",2020,4,22,"covid-19",63272
"17",2020,4,22,"covid",22514
"18",2020,4,22,"coronavirus",21717
"19",2020,4,22,"covid19",18207
"20",2020,4,22,"sars-cov-2",7954
"21",2020,5,11,"covid-19",51150
"22",2020,5,11,"covid",21707
"23",2020,5,11,"covid19",20216
"24",2020,5,11,"coronavirus",18315
"25",2020,5,11,"covid 19",2881
"26",2020,5,14,"covid-19",51462
"27",2020,5,14,"coronavirus",20411
"28",2020,5,14,"covid",20228
"29",2020,5,14,"covid19",17469
"30",2020,5,14,"8m",12563
"31",2020,5,25,"covid-19",48970
"32",2020,5,25,"coronavirus",20839
"33",2020,5,25,"covid19",18350
"34",2020,5,25,"covid",16488
"35",2020,5,25,"redoblemosesfuerzoyprevención",3960
"36",2020,5,27,"covid-19",58647
"37",2020,5,27,"covid",25174
"38",2020,5,27,"covid19",21444
"39",2020,5,27,"coronavirus",18286
"40",2020,5,27,"8m",6308
"41",2020,6,1,"covid-19",52738
"42",2020,6,1,"coronavirus",37178
"43",2020,6,1,"covid19",20666
"44",2020,6,1,"covid",20366
"45",2020,6,1,"twitter",13935
"46",2020,6,9,"covid-19",93127
"47",2020,6,9,"covid19",53114
"48",2020,6,9,"covid",27161
"49",2020,6,9,"coronavirus",25717
"50",2020,6,9,"sabiasqueeeee",6025
"51",2020,6,17,"covid-19",108334
"52",2020,6,17,"covid19",55955
"53",2020,6,17,"covid",38416
"54",2020,6,17,"coronavirus",28944
"55",2020,6,17,"covid 19",4568
"56",2020,7,17,"covid-19",71239
"57",2020,7,17,"covid",37465
"58",2020,7,17,"covid19",36699
"59",2020,7,17,"coronavirus",17993
"60",2020,7,17,"cov",13408
"61",2020,7,31,"covid-19",83768
"62",2020,7,31,"covid",43351
"63",2020,7,31,"covid19",37936
"64",2020,7,31,"coronavirus",22440
"65",2020,7,31,"pib",8199
"66",2020,8,11,"covid-19",96760
"67",2020,8,11,"covid19",59330
"68",2020,8,11,"covid",42324
"69",2020,8,11,"coronavirus",20999
"70",2020,8,11,"covidー19",5190
"71",2020,8,12,"covid-19",104843
"72",2020,8,12,"covid19",59302
"73",2020,8,12,"covid",50518
"74",2020,8,12,"coronavirus",21923
"75",2020,8,12,"juventudconcienteysolidaria",7149
"76",2020,8,13,"covid-19",115494
"77",2020,8,13,"covid",57490
"78",2020,8,13,"covid19",51913
"79",2020,8,13,"coronavirus",26964
"80",2020,8,13,"covidー19",5233
"81",2020,8,14,"covid-19",93515
"82",2020,8,14,"covid19",49737
"83",2020,8,14,"covid",49029
"84",2020,8,14,"coronavirus",27426
"85",2020,8,14,"sanidad",7888
"86",2020,8,15,"covid-19",101853
"87",2020,8,15,"covid19",55665
"88",2020,8,15,"covid",42650
"89",2020,8,15,"coronavirus",23569
"90",2020,8,15,"batallaporlasaludylavida",18693
"91",2020,8,16,"covid-19",115145
"92",2020,8,16,"covid19",55499
"93",2020,8,16,"covid",47910
"94",2020,8,16,"coronavirus",22795
"95",2020,8,16,"madrid16a",17309
"96",2020,8,17,"covid-19",105224
"97",2020,8,17,"covid19",59405
"98",2020,8,17,"covid",45563
"99",2020,8,17,"coronavirus",23996
"100",2020,8,17,"pcr",7426
"101",2020,8,18,"covid-19",86107
"102",2020,8,18,"covid",52146
"103",2020,8,18,"covid19",51493
"104",2020,8,18,"coronavirus",20669
"105",2020,8,18,"o2",14504
"106",2020,8,19,"covid-19",93137
"107",2020,8,19,"covid19",53025
"108",2020,8,19,"covid",41479
"109",2020,8,19,"covid-agosto",19685
"110",2020,8,19,"coronavirus",18469
"111",2020,8,20,"covid-19",86762
"112",2020,8,20,"covid19",44929
"113",2020,8,20,"covid",41551
"114",2020,8,20,"coronavirus",19790
"115",2020,8,20,"pcr",5124
"116",2020,8,21,"covid-19",86661
"117",2020,8,21,"covid19",43649
"118",2020,8,21,"covid",33597
"119",2020,8,21,"coronavirus",19745
"120",2020,8,21,"covidー19",4831
"121",2020,8,22,"covid-19",106411
"122",2020,8,22,"covid19",50150
"123",2020,8,22,"covid",40162
"124",2020,8,22,"donarplasmasalvavidas",21933
"125",2020,8,22,"coronavirus",17087
"126",2020,8,23,"covid-19",80575
"127",2020,8,23,"covid19",45972
"128",2020,8,23,"covid",37375
"129",2020,8,23,"coronavirus",20478
"130",2020,8,23,"donarplasmasalvavidas",4694
"131",2020,8,25,"covid-19",90335
"132",2020,8,25,"covid19",50862
"133",2020,8,25,"covid",50629
"134",2020,8,25,"coronavirus",18543
"135",2020,8,25,"pueblosunidosysolidarios",4439
"136",2020,8,26,"covid-19",82138
"137",2020,8,26,"covid",47803
"138",2020,8,26,"covid19",43217
"139",2020,8,26,"coronavirus",18547
"140",2020,8,26,"la lusitana tasca""""",6066
"141",2020,8,27,"covid-19",88733
"142",2020,8,27,"covid19",49236
"143",2020,8,27,"covid",39540
"144",2020,8,27,"coronavirus",19567
"145",2020,8,27,"pcr",4716
"146",2020,8,28,"covid-19",88951
"147",2020,8,28,"covid19",45386
"148",2020,8,28,"covid",33230
"149",2020,8,28,"coronavirus",18155
"150",2020,8,28,"covidー19",6635
"151",2020,8,29,"covid-19",89098
"152",2020,8,29,"covid",44122
"153",2020,8,29,"covid19",42630
"154",2020,8,29,"coronavirus",15860
"155",2020,8,29,"covidー19",8078
"156",2020,8,30,"covid-19",87422
"157",2020,8,30,"covid",40706
"158",2020,8,30,"covid19",36225
"159",2020,8,30,"coronavirus",25013
"160",2020,8,30,"pcr",6108
"161",2020,9,1,"covid-19",75623
"162",2020,9,1,"covid19",46051
"163",2020,9,1,"covid",35997
"164",2020,9,1,"coronavirus",24688
"165",2020,9,1,"pcr",4836
"166",2020,9,2,"covid-19",24445
"167",2020,9,2,"covid19",17465
"168",2020,9,2,"covid",15094
"169",2020,9,2,"coronavirus",8872
"170",2020,9,2,"covid 19",1994
"171",2020,9,5,"covid-19",68025
"172",2020,9,5,"covid",45078
"173",2020,9,5,"covid19",42038
"174",2020,9,5,"coronavirus",15795
"175",2020,9,5,"pcr",5472
"176",2020,9,6,"covid-19",4223
"177",2020,9,6,"covid19",3961
"178",2020,9,6,"covid",1803
"179",2020,9,6,"coronavirus",830
"180",2020,9,6,"covidー19",317
"181",2020,9,7,"covid-19",22080
"182",2020,9,7,"covid",15286
"183",2020,9,7,"covid19",13510
"184",2020,9,7,"coronavirus",4644
"185",2020,9,7,"covidー19",1933
"186",2020,9,9,"covid-19",6373
"187",2020,9,9,"covid19",3246
"188",2020,9,9,"covid",1722
"189",2020,9,9,"coronavirus",1592
"190",2020,9,9,"nefrol",318
"191",2020,9,10,"covid-19",65121
"192",2020,9,10,"covid19",30774
"193",2020,9,10,"covid",26983
"194",2020,9,10,"coronavirus",15037
"195",2020,9,10,"amistadycooperaciónporlavida",7474
"196",2020,9,11,"covid-19",68799
"197",2020,9,11,"covid19",36772
"198",2020,9,11,"covid",27917
"199",2020,9,11,"coronavirus",21412
"200",2020,9,11,"saludalserviciodelpueblo",4347
"201",2020,9,13,"covid-19",72041
"202",2020,9,13,"covid",42903
"203",2020,9,13,"covid19",38616
"204",2020,9,13,"coronavirus",21508
"205",2020,9,13,"envideo",6644
"206",2020,9,14,"covid-19",78222
"207",2020,9,14,"covid",41008
"208",2020,9,14,"covid19",40895
"209",2020,9,14,"coronavirus",19290
"210",2020,9,14,"cuarentenaradicaldisciplinada",16628
"211",2020,9,15,"covid-19",74960
"212",2020,9,15,"covid19",38734
"213",2020,9,15,"covid",33206
"214",2020,9,15,"coronavirus",16483
"215",2020,9,15,"3b",10554
"216",2020,9,16,"covid-19",69937
"217",2020,9,16,"covid19",35780
"218",2020,9,16,"covid",35264
"219",2020,9,16,"coronavirus",15261
"220",2020,9,16,"pcr",3823
"221",2020,9,17,"covid-19",64285
"222",2020,9,17,"covid19",37962
"223",2020,9,17,"covid",31020
"224",2020,9,17,"coronavirus",16274
"225",2020,9,17,"pcr",5474
"226",2020,9,18,"covid-19",64854
"227",2020,9,18,"covid19",40857
"228",2020,9,18,"covid",40210
"229",2020,9,18,"coronavirus",17190
"230",2020,9,18,"pcr",3455
"231",2020,9,19,"covid-19",69712
"232",2020,9,19,"covid19",41311
"233",2020,9,19,"covid",38392
"234",2020,9,19,"coronavirus",14701
"235",2020,9,19,"pcr",4558
"236",2020,9,20,"covid-19",67645
"237",2020,9,20,"covid19",46875
"238",2020,9,20,"covid",34948
"239",2020,9,20,"coronavirus",18268
"240",2020,9,20,"pcr",11248
"241",2020,9,21,"covid-19",73164
"242",2020,9,21,"covid19",40636
"243",2020,9,21,"covid",32725
"244",2020,9,21,"coronavirus",16242
"245",2020,9,21,"wearamask",13801
"246",2020,9,22,"covid-19",64002
"247",2020,9,22,"covid19",34859
"248",2020,9,22,"covid",28352
"249",2020,9,22,"coronavirus",17000
"250",2020,9,22,"wearamask",7043
"251",2020,9,23,"covid-19",48854
"252",2020,9,23,"covid19",37126
"253",2020,9,23,"covid",22229
"254",2020,9,23,"coronavirus",15192
"255",2020,9,23,"champions",4024
"256",2020,9,24,"covid-19",63645
"257",2020,9,24,"covid19",43264
"258",2020,9,24,"covid",27280
"259",2020,9,24,"coronavirus",15550
"260",2020,9,24,"champions",3509
"261",2020,9,25,"covid-19",69573
"262",2020,9,25,"covid19",38178
"263",2020,9,25,"covid",29345
"264",2020,9,25,"coronavirus",13934
"265",2020,9,25,"covidー19",4107
"266",2020,9,26,"covid-19",62324
"267",2020,9,26,"covid19",39579
"268",2020,9,26,"covid",29892
"269",2020,9,26,"coronavirus",16314
"270",2020,9,26,"covidー19",5027
"271",2020,9,27,"covid-19",65503
"272",2020,9,27,"covid19",36939
"273",2020,9,27,"covid",32245
"274",2020,9,27,"vamosvenciendoalcovid19",21704
"275",2020,9,27,"coronavirus",14785
"276",2020,9,28,"covid-19",80622
"277",2020,9,28,"covid19",43012
"278",2020,9,28,"covid",40327
"279",2020,9,28,"coronavirus",15449
"280",2020,9,28,"fórmulaperfectaplan7más7",15042
"281",2020,9,29,"covid-19",79456
"282",2020,9,29,"covid19",44750
"283",2020,9,29,"covid",42161
"284",2020,9,29,"coronavirus",15458
"285",2020,9,29,"salud",3883
"286",2020,9,30,"covid-19",66289
"287",2020,9,30,"covid19",42288
"288",2020,9,30,"covid",36645
"289",2020,9,30,"coronavirus",16538
"290",2020,9,30,"sanidad",5380
"291",2020,10,1,"covid-19",53531
"292",2020,10,1,"covid19",38223
"293",2020,10,1,"covid",34150
"294",2020,10,1,"coronavirus",15151
"295",2020,10,1,"sanidad",3738
"296",2020,10,3,"covid-19",36045
"297",2020,10,3,"covid19",20869
"298",2020,10,3,"covid",18371
"299",2020,10,3,"coronavirus",10693
"300",2020,10,3,"sputnik v",9635
"301",2020,10,4,"covid-19",45343
"302",2020,10,4,"covid19",23424
"303",2020,10,4,"covid",20594
"304",2020,10,4,"coronavirus",12906
"305",2020,10,4,"sputnik v",3369
"306",2020,10,5,"covid-19",53944
"307",2020,10,5,"covid19",25437
"308",2020,10,5,"covid",21603
"309",2020,10,5,"coronavirus",12803
"310",2020,10,5,"c",1914
"311",2020,10,6,"covid-19",46048
"312",2020,10,6,"covid19",27928
"313",2020,10,6,"covid",23142
"314",2020,10,6,"coronavirus",14858
"315",2020,10,6,"pcr",2564
"316",2020,10,7,"covid-19",45400
"317",2020,10,7,"covid19",25095
"318",2020,10,7,"covid",24723
"319",2020,10,7,"coronavirus",14770
"320",2020,10,7,"pcr",2126
"321",2020,10,8,"covid-19",46719
"322",2020,10,8,"covid19",25453
"323",2020,10,8,"covid",22499
"324",2020,10,8,"coronavirus",13670
"325",2020,10,8,"sanidad",3150
"326",2020,10,9,"covid-19",48478
"327",2020,10,9,"covid19",30577
"328",2020,10,9,"covid",28850
"329",2020,10,9,"coronavirus",13681
"330",2020,10,9,"estado de alarma",3744
"331",2020,10,11,"covid-19",45934
"332",2020,10,11,"covid",28298
"333",2020,10,11,"covid19",26799
"334",2020,10,11,"encombatecontraelcovid19",13694
"335",2020,10,11,"coronavirus",12781
"336",2020,10,12,"covid-19",46527
"337",2020,10,12,"covid19",30401
"338",2020,10,12,"covid",19839
"339",2020,10,12,"coronavirus",12532
"340",2020,10,12,"encombatecontraelcovid19",3275
"341",2020,10,13,"covid-19",68003
"342",2020,10,13,"covid19",47690
"343",2020,10,13,"covid",31883
"344",2020,10,13,"coronavirus",17246
"345",2020,10,13,"pcr",4027
"346",2020,10,14,"covid-19",64284
"347",2020,10,14,"covid19",43509
"348",2020,10,14,"covid",35828
"349",2020,10,14,"coronavirus",14689
"350",2020,10,14,"pcr",2970
"351",2020,10,15,"covid-19",55803
"352",2020,10,15,"covid19",32405
"353",2020,10,15,"covid",31614
"354",2020,10,15,"coronavirus",12282
"355",2020,10,15,"sanidad",4259
"356",2020,10,16,"covid-19",58534
"357",2020,10,16,"covid",32208
"358",2020,10,16,"covid19",31661
"359",2020,10,16,"coronavirus",12410
"360",2020,10,16,"sanidad",2401
"361",2020,10,17,"covid-19",49287
"362",2020,10,17,"covid19",32025
"363",2020,10,17,"covid",29007
"364",2020,10,17,"coronavirus",11303
"365",2020,10,17,"covid 19",2107
"366",2020,10,18,"covid-19",57476
"367",2020,10,18,"covid19",34691
"368",2020,10,18,"covid",29478
"369",2020,10,18,"venezuelavenciendoalcovid19",19153
"370",2020,10,18,"coronavirus",17053
"371",2020,10,20,"covid-19",61839
"372",2020,10,20,"covid19",40686
"373",2020,10,20,"covid",33335
"374",2020,10,20,"coronavirus",22616
"375",2020,10,20,"pcr",2123
"376",2020,10,21,"covid-19",57779
"377",2020,10,21,"covid19",35770
"378",2020,10,21,"covid",30051
"379",2020,10,21,"coronavirus",13657
"380",2020,10,21,"champions",3075
"381",2020,10,22,"covid-19",54336
"382",2020,10,22,"covid",37431
"383",2020,10,22,"covid19",32927
"384",2020,10,22,"coronavirus",12331
"385",2020,10,22,"sars-cov-2",2874
"386",2020,10,23,"covid-19",55595
"387",2020,10,23,"covid19",35278
"388",2020,10,23,"covid",32979
"389",2020,10,23,"coronavirus",14224
"390",2020,10,23,"sars-cov-2",2482
"391",2020,10,26,"covid-19",63475
"392",2020,10,26,"covid19",34542
"393",2020,10,26,"covid",28151
"394",2020,10,26,"coronavirus",13198
"395",2020,10,26,"dr10",8984
"396",2020,10,27,"covid-19",59805
"397",2020,10,27,"covid19",35577
"398",2020,10,27,"covid",32715
"399",2020,10,27,"coronavirus",15156
"400",2020,10,27,"cienciaessoberanía",10235
"401",2020,10,29,"covid-19",55194
"402",2020,10,29,"covid19",38802
"403",2020,10,29,"covid",28545
"404",2020,10,29,"coronavirus",16433
"405",2020,10,29,"salud",3017
"406",2020,10,30,"covid-19",50360
"407",2020,10,30,"covid19",31904
"408",2020,10,30,"covid",25566
"409",2020,10,30,"coronavirus",14230
"410",2020,10,30,"notimippci",1977
"411",2020,11,1,"covid-19",40903
"412",2020,11,1,"covid19",27587
"413",2020,11,1,"covid",25893
"414",2020,11,1,"coronavirus",11679
"415",2020,11,1,"covid 19",3686
"416",2020,11,2,"covid-19",54825
"417",2020,11,2,"covid19",32129
"418",2020,11,2,"covid",29169
"419",2020,11,2,"flexibilizaciónsegurayvigilada",14275
"420",2020,11,2,"coronavirus",13045
"421",2020,11,3,"covid-19",56657
"422",2020,11,3,"covid19",38539
"423",2020,11,3,"covid",29726
"424",2020,11,3,"coronavirus",13666
"425",2020,11,3,"covidー19",10385
"426",2020,11,4,"covid-19",51976
"427",2020,11,4,"covid19",33697
"428",2020,11,4,"covid",31342
"429",2020,11,4,"haciaunanuevaan",18664
"430",2020,11,4,"coronavirus",12406
"431",2020,11,6,"covid-19",46481
"432",2020,11,6,"covid19",32331
"433",2020,11,6,"covid",29361
"434",2020,11,6,"coronavirus",13233
"435",2020,11,6,"covidderrotaapuebla",7044
"436",2020,11,7,"covid-19",35573
"437",2020,11,7,"covid19",24864
"438",2020,11,7,"covid",22220
"439",2020,11,7,"coronavirus",11920
"440",2020,11,7,"covidー19",3022
"441",2020,11,8,"covid-19",35222
"442",2020,11,8,"covid",21434
"443",2020,11,8,"covid19",20886
"444",2020,11,8,"coronavirus",9380
"445",2020,11,8,"autodisciplinaporlasalud",3151
"446",2020,11,9,"covid-19",44240
"447",2020,11,9,"covid19",25809
"448",2020,11,9,"covid",21799
"449",2020,11,9,"coronavirus",11288
"450",2020,11,9,"dakiti",5835
"451",2020,11,10,"covid-19",51683
"452",2020,11,10,"covid19",32286
"453",2020,11,10,"covid",31941
"454",2020,11,10,"coronavirus",11726
"455",2020,11,10,"sanidad",2701
"456",2020,11,11,"covid-19",57082
"457",2020,11,11,"covid",28426
"458",2020,11,11,"covid19",27925
"459",2020,11,11,"coronavirus",11447
"460",2020,11,11,"máximaprotecciónsocial",3833
"461",2020,11,12,"covid-19",52703
"462",2020,11,12,"covid19",26873
"463",2020,11,12,"covid",26575
"464",2020,11,12,"coronavirus",9857
"465",2020,11,12,"leerdesbloquea",7754
"466",2020,11,13,"covid-19",46258
"467",2020,11,13,"covid",27252
"468",2020,11,13,"covid19",22270
"469",2020,11,13,"coronavirus",10332
"470",2020,11,13,"hepa",2892
"471",2020,11,14,"covid-19",37598
"472",2020,11,14,"covid19",25027
"473",2020,11,14,"covid",24243
"474",2020,11,14,"coronavirus",8555
"475",2020,11,14,"hagan esto viral",2948
"476",2020,11,16,"covid-19",40953
"477",2020,11,16,"covid",32091
"478",2020,11,16,"covid19",22768
"479",2020,11,16,"coronavirus",9145
"480",2020,11,16,"moderna",3251
"481",2020,11,18,"covid-19",56281
"482",2020,11,18,"covid",28741
"483",2020,11,18,"covid19",25011
"484",2020,11,18,"coronavirus",11709
"485",2020,11,18,"verguenzanacional",4493
"486",2020,11,19,"covid-19",50163
"487",2020,11,19,"covid",29378
"488",2020,11,19,"covid19",24850
"489",2020,11,19,"coronavirus",13007
"490",2020,11,19,"notimippci",2784
"491",2020,11,20,"covid-19",53349
"492",2020,11,20,"covid19",32376
"493",2020,11,20,"covid",29041
"494",2020,11,20,"coronavirus",11087
"495",2020,11,20,"innovaciónysoberaníatecnológica",1814
"496",2020,11,21,"covid-19",44689
"497",2020,11,21,"covid19",27194
"498",2020,11,21,"covid",23373
"499",2020,11,21,"coronavirus",10270
"500",2020,11,21,"notimippci",2110
"501",2020,11,22,"covid-19",43654
"502",2020,11,22,"covid",30880
"503",2020,11,22,"ganemoslabatallaalcovid19",26612
"504",2020,11,22,"covid19",24616
"505",2020,11,22,"coronavirus",9053
"506",2020,11,23,"covid-19",56539
"507",2020,11,23,"covid",31214
"508",2020,11,23,"covid19",31039
"509",2020,11,23,"coronavirus",10788
"510",2020,11,23,"ganemoslabatallaalcovid19",6791
"511",2020,11,24,"covid-19",60744
"512",2020,11,24,"covid19",35787
"513",2020,11,24,"covid",34738
"514",2020,11,24,"coronavirus",15771
"515",2020,11,24,"pueblovalienteydigno",3951
"516",2020,11,25,"covid-19",59466
"517",2020,11,25,"covid19",39409
"518",2020,11,25,"covid",36572
"519",2020,11,25,"coronavirus",10959
"520",2020,11,25,"fidelporsiempre",3858
"521",2020,11,26,"covid-19",51665
"522",2020,11,26,"covid",41258
"523",2020,11,26,"covid19",36031
"524",2020,11,26,"coronavirus",10663
"525",2020,11,26,"vitel toné",3997
"526",2020,11,28,"covid-19",41602
"527",2020,11,28,"covid",26052
"528",2020,11,28,"covid19",22740
"529",2020,11,28,"coronavirus",8919
"530",2020,11,28,"covidー19",2898
"531",2020,11,29,"covid-19",45314
"532",2020,11,29,"covid",24620
"533",2020,11,29,"covid19",21348
"534",2020,11,29,"coronavirus",9509
"535",2020,11,29,"venezuelaprotegida",7228
"536",2020,11,30,"covid-19",57894
"537",2020,11,30,"covid",34001
"538",2020,11,30,"covid19",29464
"539",2020,11,30,"coronavirus",11751
"540",2020,11,30,"notimippci",5123
"541",2020,12,1,"covid-19",54031
"542",2020,12,1,"covid",40930
"543",2020,12,1,"covid19",29811
"544",2020,12,1,"coronavirus",11243
"545",2020,12,1,"vih",8553
"546",2020,12,2,"covid-19",32417
"547",2020,12,2,"covid19",28196
"548",2020,12,2,"covid",19592
"549",2020,12,2,"coronavirus",10475
"550",2020,12,2,"covidー19",3786
"551",2020,12,3,"covid-19",29602
"552",2020,12,3,"covid19",24173
"553",2020,12,3,"covid",14901
"554",2020,12,3,"coronavirus",6682
"555",2020,12,3,"covidー19",3655
"556",2020,12,4,"covid-19",56899
"557",2020,12,4,"covid19",31202
"558",2020,12,4,"covid",25872
"559",2020,12,4,"coronavirus",10253
"560",2020,12,4,"envideo",3600
"561",2020,12,5,"covid-19",52388
"562",2020,12,5,"covid19",25307
"563",2020,12,5,"covid",24828
"564",2020,12,5,"coronavirus",9289
"565",2020,12,5,"pandemia",1875
"566",2020,12,6,"covid-19",39166
"567",2020,12,6,"covid",28889
"568",2020,12,6,"covid19",20980
"569",2020,12,6,"coronavirus",9505
"570",2020,12,6,"sputnik v",1928
"571",2020,12,7,"covid-19",39897
"572",2020,12,7,"covid",26931
"573",2020,12,7,"covid19",24235
"574",2020,12,7,"coronavirus",9436
"575",2020,12,7,"diputado",2557
"576",2020,12,8,"covid-19",47229
"577",2020,12,8,"covid19",37014
"578",2020,12,8,"covid",27568
"579",2020,12,8,"coronavirus",13079
"580",2020,12,8,"covid 19",4640
"581",2020,12,9,"covid-19",55451
"582",2020,12,9,"covid19",34761
"583",2020,12,9,"covid",32640
"584",2020,12,9,"coronavirus",16695
"585",2020,12,9,"covid 19",4098
"586",2020,12,10,"covid-19",56971
"587",2020,12,10,"covid",45199
"588",2020,12,10,"covid19",36168
"589",2020,12,10,"coronavirus",14825
"590",2020,12,10,"covi",4176
"591",2020,12,11,"covid-19",55819
"592",2020,12,11,"covid",40028
"593",2020,12,11,"covid19",35417
"594",2020,12,11,"coronavirus",10151
"595",2020,12,11,"pcr",4184
"596",2020,12,12,"covid-19",57977
"597",2020,12,12,"covid",35782
"598",2020,12,12,"covid19",33847
"599",2020,12,12,"coronavirus",19171
"600",2020,12,12,"covid 19",2455
"601",2020,12,13,"covid-19",60467
"602",2020,12,13,"covid",38902
"603",2020,12,13,"covid19",29390
"604",2020,12,13,"disciplinacolectiva",21647
"605",2020,12,13,"coronavirus",16863
"606",2020,12,14,"covid-19",77783
"607",2020,12,14,"covid",41216
"608",2020,12,14,"covid19",33099
"609",2020,12,14,"coronavirus",16736
"610",2020,12,14,"disciplinacolectiva",9342
"611",2020,12,15,"covid-19",77144
"612",2020,12,15,"covid",43877
"613",2020,12,15,"covid19",34548
"614",2020,12,15,"coronavirus",17484
"615",2020,12,15,"covid 19",4505
"616",2020,12,16,"covid-19",75037
"617",2020,12,16,"covid",43517
"618",2020,12,16,"covid19",35221
"619",2020,12,16,"coronavirus",21026
"620",2020,12,16,"ancsoberaníaypaz",4471
"621",2020,12,17,"covid-19",69313
"622",2020,12,17,"covid",39426
"623",2020,12,17,"covid19",32600
"624",2020,12,17,"coronavirus",19119
"625",2020,12,17,"covid 19",4980
"626",2020,12,18,"covid-19",73210
"627",2020,12,18,"covid",42993
"628",2020,12,18,"covid19",36641
"629",2020,12,18,"coronavirus",18451
"630",2020,12,18,"ancvictoriosasiempre",4706
"631",2020,12,19,"covid-19",57033
"632",2020,12,19,"covid",40884
"633",2020,12,19,"covid19",28449
"634",2020,12,19,"coronavirus",12580
"635",2020,12,19,"moderna",3963
"636",2020,12,20,"covid-19",60255
"637",2020,12,20,"covid",44032
"638",2020,12,20,"disciplinaanteelcovid19",30383
"639",2020,12,20,"covid19",29545
"640",2020,12,20,"coronavirus",22473
"641",2020,12,21,"covid-19",91784
"642",2020,12,21,"covid",54069
"643",2020,12,21,"covid19",38164
"644",2020,12,21,"coronavirus",31248
"645",2020,12,21,"gop",9065
"646",2020,12,22,"covid-19",74063
"647",2020,12,22,"covid",37974
"648",2020,12,22,"covid19",34802
"649",2020,12,22,"coronavirus",22201
"650",2020,12,22,"notimippci",3946
"651",2020,12,23,"covid-19",89872
"652",2020,12,23,"covid19",41295
"653",2020,12,23,"covid",40346
"654",2020,12,23,"coronavirus",20009
"655",2020,12,23,"solidaridadycooperación",18030
"656",2020,12,24,"covid-19",85761
"657",2020,12,24,"covid19",45115
"658",2020,12,24,"covid",39262
"659",2020,12,24,"coronavirus",14267
"660",2020,12,24,"solidaridadycooperación",3987
"661",2020,12,25,"covid-19",62199
"662",2020,12,25,"covid",44852
"663",2020,12,25,"covid19",28499
"664",2020,12,25,"coronavirus",9497
"665",2020,12,25,"navidaddealegriaypaz",3535
"666",2020,12,26,"covid-19",77203
"667",2020,12,26,"covid",53030
"668",2020,12,26,"covid19",42837
"669",2020,12,26,"coronavirus",11073
"670",2020,12,26,"covid19  yomevacuno",5785
"671",2020,12,27,"covid-19",114690
"672",2020,12,27,"covid",55197
"673",2020,12,27,"covid19",44555
"674",2020,12,27,"cuídatedelcovid19",40342
"675",2020,12,27,"coronavirus",22442
"676",2020,12,28,"covid-19",98845
"677",2020,12,28,"covid",52525
"678",2020,12,28,"covid19",40814
"679",2020,12,28,"coronavirus",18099
"680",2020,12,28,"cuídatedelcovid19",10076
"681",2020,12,29,"covid-19",84869
"682",2020,12,29,"covid",50626
"683",2020,12,29,"covid19",39800
"684",2020,12,29,"coronavirus",18733
"685",2020,12,29,"notimippci",5389
"686",2020,12,30,"covid-19",82094
"687",2020,12,30,"covid",54414
"688",2020,12,30,"covid19",37740
"689",2020,12,30,"coronavirus",15865
"690",2020,12,30,"sputnik v",14936
"691",2021,1,1,"covid-19",48134
"692",2021,1,1,"covid",46708
"693",2021,1,1,"covid19",29002
"694",2021,1,1,"coronavirus",11738
"695",2021,1,1,"endocrinólogo",4057
"696",2021,1,2,"covid-19",68954
"697",2021,1,2,"covid",53580
"698",2021,1,2,"covid19",36315
"699",2021,1,2,"coronavirus",19538
"700",2021,1,2,"sputnik v",4377
"701",2021,1,3,"covid-19",70922
"702",2021,1,3,"covid",54513
"703",2021,1,3,"covid19",32617
"704",2021,1,3,"coronavirus",17550
"705",2021,1,3,"lysol",5015
"706",2021,1,4,"covid-19",105559
"707",2021,1,4,"covid",56950
"708",2021,1,4,"covid19",41507
"709",2021,1,4,"coronavirus",22418
"710",2021,1,4,"cuídatedelcovid19",10376
"711",2021,1,5,"covid-19",94168
"712",2021,1,5,"covid",49810
"713",2021,1,5,"covid19",43794
"714",2021,1,5,"coronavirus",23382
"715",2021,1,5,"sars-cov-2",7300
"716",2021,1,6,"covid-19",87132
"717",2021,1,6,"covid",56307
"718",2021,1,6,"covid19",47329
"719",2021,1,6,"coronavirus",18657
"720",2021,1,6,"moderna",4218
"721",2021,1,7,"covid-19",76656
"722",2021,1,7,"covid19",47043
"723",2021,1,7,"covid",46006
"724",2021,1,7,"coronavirus",20514
"725",2021,1,7,"covid 19",4865
"726",2021,1,8,"covid-19",88562
"727",2021,1,8,"covid",55859
"728",2021,1,8,"covid19",51621
"729",2021,1,8,"coronavirus",24426
"730",2021,1,8,"covid 19",6458
"731",2021,1,9,"covid-19",85533
"732",2021,1,9,"covid",48533
"733",2021,1,9,"covid19",42344
"734",2021,1,9,"coronavirus",16745
"735",2021,1,9,"bad bunny",6140
"736",2021,1,10,"covid-19",103469
"737",2021,1,10,"covid19",57912
"738",2021,1,10,"covid",57078
"739",2021,1,10,"combatealcovid19",51619
"740",2021,1,10,"coronavirus",15362
"741",2021,1,11,"covid-19",135433
"742",2021,1,11,"covid",61577
"743",2021,1,11,"covid19",60968
"744",2021,1,11,"flexibilizaciónsegura",29728
"745",2021,1,11,"coronavirus",21691
"746",2021,1,12,"covid-19",103800
"747",2021,1,12,"covid",61205
"748",2021,1,12,"covid19",51600
"749",2021,1,12,"coronavirus",19706
"750",2021,1,12,"flexibilizaciónsegura",8837
"751",2021,1,13,"covid-19",99827
"752",2021,1,13,"covid19",59290
"753",2021,1,13,"covid",57286
"754",2021,1,13,"coronavirus",16431
"755",2021,1,13,"notimippci",3835
"756",2021,1,14,"covid-19",94217
"757",2021,1,14,"covid",56775
"758",2021,1,14,"covid19",49986
"759",2021,1,14,"coronavirus",17049
"760",2021,1,14,"sputnik v",14489
"761",2021,1,15,"covid-19",71493
"762",2021,1,15,"covid",45745
"763",2021,1,15,"covid19",35898
"764",2021,1,15,"coronavirus",15140
"765",2021,1,15,"sputnik v",5148
"766",2021,1,16,"covid-19",81119
"767",2021,1,16,"covid",55953
"768",2021,1,16,"covid19",45027
"769",2021,1,16,"anjuntoalpueblo",21928
"770",2021,1,16,"coronavirus",18040
"771",2021,1,17,"covid-19",94712
"772",2021,1,17,"covid",66069
"773",2021,1,17,"covid19",43866
"774",2021,1,17,"juntoscontraelcovid19",16266
"775",2021,1,17,"coronavirus",12745
"776",2021,1,18,"covid-19",119983
"777",2021,1,18,"covid",57887
"778",2021,1,18,"covid19",57696
"779",2021,1,18,"coronavirus",18365
"780",2021,1,18,"cuarentenaconsciente",16141
"781",2021,1,19,"covid-19",104177
"782",2021,1,19,"covid19",66616
"783",2021,1,19,"covid",46959
"784",2021,1,19,"coronavirus",18044
"785",2021,1,19,"venezuelaconbrasil",8459
"786",2021,1,20,"covid-19",124135
"787",2021,1,20,"covid19",65707
"788",2021,1,20,"covid",62198
"789",2021,1,20,"vacunasparalospueblos",33368
"790",2021,1,20,"coronavirus",19173
"791",2021,1,21,"covid-19",96690
"792",2021,1,21,"covid",57940
"793",2021,1,21,"covid19",57870
"794",2021,1,21,"coronavirus",19782
"795",2021,1,21,"marido",14867
"796",2021,1,22,"covid-19",111736
"797",2021,1,22,"covid",67661
"798",2021,1,22,"covid19",64495
"799",2021,1,22,"coronavirus",22270
"800",2021,1,22,"instacart",9767
"801",2021,1,23,"covid-19",98548
"802",2021,1,23,"covid",68088
"803",2021,1,23,"covid19",46491
"804",2021,1,23,"coronavirus",21261
"805",2021,1,23,"covid 19",7235
"806",2021,1,24,"covid-19",100111
"807",2021,1,24,"covid",75260
"808",2021,1,24,"covid19",44359
"809",2021,1,24,"protégetedelcovid19",18508
"810",2021,1,24,"coronavirus",16907
"811",2021,1,26,"covid-19",132676
"812",2021,1,26,"covid",83418
"813",2021,1,26,"covid19",57839
"814",2021,1,26,"coronavirus",26059
"815",2021,1,26,"defensa",12063
"816",2021,1,27,"covid-19",127883
"817",2021,1,27,"covid",74097
"818",2021,1,27,"covid19",63083
"819",2021,1,27,"coronavirus",21782
"820",2021,1,27,"envideo",10349
"821",2021,1,28,"covid-19",89382
"822",2021,1,28,"covid",57856
"823",2021,1,28,"covid19",54556
"824",2021,1,28,"coronavirus",17500
"825",2021,1,28,"diálogoespaz",5100
"826",2021,1,29,"covid-19",94909
"827",2021,1,29,"covid19",58197
"828",2021,1,29,"covid",52260
"829",2021,1,29,"coronavirus",16296
"830",2021,1,29,"nueva casa  cada retuit",4576
"831",2021,1,30,"covid-19",93184
"832",2021,1,30,"covid",64009
"833",2021,1,30,"covid19",52560
"834",2021,1,30,"coronavirus",14036
"835",2021,1,30,"sputnik v",7096
"836",2021,1,31,"covid-19",112505
"837",2021,1,31,"covid",53864
"838",2021,1,31,"covid19",51413
"839",2021,1,31,"envenezuelanoscuidamos",26483
"840",2021,1,31,"coronavirus",18179
"841",2021,2,1,"covid-19",105539
"842",2021,2,1,"covid",54232
"843",2021,2,1,"covid19",51048
"844",2021,2,1,"coronavirus",21106
"845",2021,2,1,"carvativir",11892
"846",2021,2,2,"covid-19",110641
"847",2021,2,2,"covid19",60186
"848",2021,2,2,"covid",54603
"849",2021,2,2,"coronavirus",20779
"850",2021,2,2,"sputnik v",16063
"851",2021,2,3,"covid-19",104128
"852",2021,2,3,"covid19",58130
"853",2021,2,3,"covid",52903
"854",2021,2,3,"coronavirus",16828
"855",2021,2,3,"opinión",13352
"856",2021,2,4,"covid-19",97975
"857",2021,2,4,"covid",51549
"858",2021,2,4,"covid19",48745
"859",2021,2,4,"coronavirus",18758
"860",2021,2,4,"opinión",4650
"861",2021,2,5,"covid-19",95074
"862",2021,2,5,"covid",58473
"863",2021,2,5,"covid19",50754
"864",2021,2,5,"coronavirus",17881
"865",2021,2,5,"graciasportulucha",5347
"866",2021,2,6,"covid-19",45577
"867",2021,2,6,"covid19",28238
"868",2021,2,6,"covid",23750
"869",2021,2,6,"coronavirus",6495
"870",2021,2,6,"sputnik v",2156
"871",2021,2,7,"covid-19",79493
"872",2021,2,7,"covid19",40367
"873",2021,2,7,"covid",35978
"874",2021,2,7,"juntoscontraelcovid19",18921
"875",2021,2,7,"coronavirus",17325
"876",2021,2,8,"covid-19",98614
"877",2021,2,8,"covid19",54642
"878",2021,2,8,"covid",49984
"879",2021,2,8,"coronavirus",15298
"880",2021,2,8,"flexibilizaciónsegura",9168
"881",2021,2,9,"covid-19",87144
"882",2021,2,9,"covid19",53710
"883",2021,2,9,"covid",46126
"884",2021,2,9,"coronavirus",18437
"885",2021,2,9,"covidー19",5675
"886",2021,2,10,"covid-19",82607
"887",2021,2,10,"covid",46754
"888",2021,2,10,"covid19",45901
"889",2021,2,10,"coronavirus",19766
"890",2021,2,10,"covid 19",4061
"891",2021,2,11,"covid-19",68632
"892",2021,2,11,"covid19",46302
"893",2021,2,11,"covid",43252
"894",2021,2,11,"coronavirus",15061
"895",2021,2,11,"pcr",5172
"896",2021,2,13,"covid-19",64132
"897",2021,2,13,"covid",45312
"898",2021,2,13,"covid19",39522
"899",2021,2,13,"coronavirus",11427
"900",2021,2,13,"sputnik v",8689
"901",2021,2,14,"covid-19",71635
"902",2021,2,14,"covid",35290
"903",2021,2,14,"covid19",32553
"904",2021,2,14,"preveniresvencer",30669
"905",2021,2,14,"sputnik-v",11336
"906",2021,2,15,"covid-19",90504
"907",2021,2,15,"covid19",46496
"908",2021,2,15,"covid",37259
"909",2021,2,15,"coronavirus",12450
"910",2021,2,15,"carnavalesbioseguros2021",9203
"911",2021,2,16,"covid-19",91000
"912",2021,2,16,"covid19",55322
"913",2021,2,16,"covid",52467
"914",2021,2,16,"coronavirus",13767
"915",2021,2,16,"recreaciónbiosegura",5026
"916",2021,2,17,"covid-19",81304
"917",2021,2,17,"covid19",62126
"918",2021,2,17,"covid",58676
"919",2021,2,17,"coronavirus",13110
"920",2021,2,17,"covid 19",3688
"921",2021,2,18,"covid-19",105250
"922",2021,2,18,"covid19",55763
"923",2021,2,18,"covid",53973
"924",2021,2,18,"coronavirus",15060
"925",2021,2,18,"sputnikvenvenezuela",8566
"926",2021,2,19,"covid-19",79511
"927",2021,2,19,"covid19",42220
"928",2021,2,19,"covid",38401
"929",2021,2,19,"coronavirus",13032
"930",2021,2,19,"sputnik v",4954
"931",2021,2,20,"covid-19",63407
"932",2021,2,20,"covid",46362
"933",2021,2,20,"covid19",42489
"934",2021,2,20,"coronavirus",12205
"935",2021,2,20,"covidー19",4105
"936",2021,2,21,"covid-19",88929
"937",2021,2,21,"covid",41069
"938",2021,2,21,"covid19",39054
"939",2021,2,21,"bienestarparaelpueblo",26985
"940",2021,2,21,"coronavirus",13594
"941",2021,2,22,"covid-19",84140
"942",2021,2,22,"covid19",43607
"943",2021,2,22,"covid",42723
"944",2021,2,22,"coronavirus",15254
"945",2021,2,22,"justicia",4091
"946",2021,2,23,"covid-19",80815
"947",2021,2,23,"covid",45213
"948",2021,2,23,"covid19",43446
"949",2021,2,23,"coronavirus",12697
"950",2021,2,23,"salud",3005
"951",2021,2,24,"covid-19",75023
"952",2021,2,24,"covid19",41080
"953",2021,2,24,"covid",40572
"954",2021,2,24,"coronavirus",9916
"955",2021,2,24,"envideo",4024
"956",2021,2,25,"covid-19",10756
"957",2021,2,25,"covid",4972
"958",2021,2,25,"covid19",4367
"959",2021,2,25,"coronavirus",2924
"960",2021,2,25,"sistema municipal dif",777
"961",2021,2,26,"covid-19",39660
"962",2021,2,26,"covid19",19820
"963",2021,2,26,"covid",19467
"964",2021,2,26,"coronavirus",8899
"965",2021,2,26,"salud",2903
"966",2021,2,27,"covid-19",28334
"967",2021,2,27,"covid",14120
"968",2021,2,27,"covid19",14028
"969",2021,2,27,"coronavirus",5361
"970",2021,2,27,"sars-cov-2",3711
"971",2021,3,1,"covid-19",55070
"972",2021,3,1,"covid19",29773
"973",2021,3,1,"covid",27901
"974",2021,3,1,"coronavirus",9645
"975",2021,3,1,"flexibilizaciónresponsable",2840
"976",2021,3,2,"covid-19",97475
"977",2021,3,2,"covid19",43583
"978",2021,3,2,"covid",32753
"979",2021,3,2,"vacunaesperanzayvida",22441
"980",2021,3,2,"coronavirus",14152
"981",2021,3,3,"covid-19",71768
"982",2021,3,3,"covid",53275
"983",2021,3,3,"covid19",33842
"984",2021,3,3,"coronavirus",11314
"985",2021,3,3,"vacunaesperanzayvida",5160
"986",2021,3,4,"covid-19",78390
"987",2021,3,4,"covid19",47377
"988",2021,3,4,"covid",39158
"989",2021,3,4,"reforzarcontralacovid19",19576
"990",2021,3,4,"coronavirus",13996
"991",2021,3,5,"covid-19",58684
"992",2021,3,5,"covid",42137
"993",2021,3,5,"covid19",36341
"994",2021,3,5,"coronavirus",13326
"995",2021,3,5,"sars-cov-2",9358
"996",2021,3,6,"covid-19",58373
"997",2021,3,6,"covid",38624
"998",2021,3,6,"covid19",32309
"999",2021,3,6,"coronavirus",9889
"1000",2021,3,6,"sinopharm",5302
"1001",2021,3,7,"covid-19",69068
"1002",2021,3,7,"covid19",43987
"1003",2021,3,7,"covid",35886
"1004",2021,3,7,"coronavirus",9478
"1005",2021,3,7,"sputnik-v",8316
"1006",2021,3,8,"covid-19",76320
"1007",2021,3,8,"covid",34968
"1008",2021,3,8,"covid19",33855
"1009",2021,3,8,"coronavirus",10571
"1010",2021,3,8,"cuarentenaradicalreforzada",7025
"1011",2021,3,9,"covid-19",62814
"1012",2021,3,9,"covid",39421
"1013",2021,3,9,"covid19",36555
"1014",2021,3,9,"coronavirus",11912
"1015",2021,3,9,"notimippci",3433
"1016",2021,3,10,"covid-19",65874
"1017",2021,3,10,"covid",41375
"1018",2021,3,10,"covid19",40735
"1019",2021,3,10,"coronavirus",10143
"1020",2021,3,10,"covid 19",3072
"1021",2021,3,11,"covid-19",77905
"1022",2021,3,11,"covid19",50913
"1023",2021,3,11,"covid",46926
"1024",2021,3,11,"coronavirus",11024
"1025",2021,3,11,"sinopharm",2396
"1026",2021,3,12,"covid-19",69452
"1027",2021,3,12,"covid19",50031
"1028",2021,3,12,"covid",39082
"1029",2021,3,12,"coronavirus",13643
"1030",2021,3,12,"covid 19",3909
"1031",2021,3,13,"covid-19",74040
"1032",2021,3,13,"covid19",43502
"1033",2021,3,13,"covid",38224
"1034",2021,3,13,"sigamoscuidándonos",17910
"1035",2021,3,13,"coronavirus",8458
"1036",2021,3,14,"covid-19",69768
"1037",2021,3,14,"covid",36839
"1038",2021,3,14,"covid19",33946
"1039",2021,3,14,"coronavirus",10232
"1040",2021,3,14,"combateprevenciónycontrol",8529
"1041",2021,3,15,"covid-19",90489
"1042",2021,3,15,"covid19",45797
"1043",2021,3,15,"covid",44388
"1044",2021,3,15,"p1",16007
"1045",2021,3,15,"coronavirus",14353
"1046",2021,3,16,"covid-19",102621
"1047",2021,3,16,"covid19",54050
"1048",2021,3,16,"covid",50711
"1049",2021,3,16,"sabemoscomohacerlo",35502
"1050",2021,3,16,"coronavirus",19724
"1051",2021,3,17,"covid-19",98056
"1052",2021,3,17,"covid19",62604
"1053",2021,3,17,"covid",39421
"1054",2021,3,17,"lacovidnojuega",24488
"1055",2021,3,17,"coronavirus",16798
"1056",2021,3,18,"covid-19",84014
"1057",2021,3,18,"covid19",60380
"1058",2021,3,18,"covid",37761
"1059",2021,3,18,"daleunparaoalacovid19",27106
"1060",2021,3,18,"coronavirus",14088
"1061",2021,3,19,"covid-19",77899
"1062",2021,3,19,"covid19",48556
"1063",2021,3,19,"covid",41887
"1064",2021,3,19,"quítalelacoronaalvirus",29325
"1065",2021,3,19,"coronavirus",14706
"1066",2021,3,20,"covid-19",83331
"1067",2021,3,20,"covid19",58106
"1068",2021,3,20,"frenaelcontagio",47056
"1069",2021,3,20,"covid",43702
"1070",2021,3,20,"coronavirus",15686
"1071",2021,3,21,"covid-19",101217
"1072",2021,3,21,"covid19",67143
"1073",2021,3,21,"covid",42899
"1074",2021,3,21,"descuidarseescontagiarse",15817
"1075",2021,3,21,"coronavirus",13705
"1076",2021,3,22,"covid-19",129268
"1077",2021,3,22,"covid19",72778
"1078",2021,3,22,"covid",47535
"1079",2021,3,22,"radicalcontralacovid19",45571
"1080",2021,3,22,"coronavirus",13998
"1081",2021,3,23,"covid-19",138341
"1082",2021,3,23,"covid19",87580
"1083",2021,3,23,"activoscontraelvirus",71026
"1084",2021,3,23,"covid",62080
"1085",2021,3,23,"coronavirus",22931
"1086",2021,3,24,"covid-19",147762
"1087",2021,3,24,"covid19",74975
"1088",2021,3,24,"covid",58699
"1089",2021,3,24,"preveniresvencer",57401
"1090",2021,3,24,"coronavirus",23672
"1091",2021,3,25,"covid-19",132849
"1092",2021,3,25,"covid19",65388
"1093",2021,3,25,"covid",55979
"1094",2021,3,25,"lacovidnoescoba",39642
"1095",2021,3,25,"coronavirus",19921
"1096",2021,3,26,"covid-19",133465
"1097",2021,3,26,"covid19",82731
"1098",2021,3,26,"covid",66986
"1099",2021,3,26,"evitaelcontagio",66666
"1100",2021,3,26,"coronavirus",23799
"1101",2021,3,27,"covid-19",115484
"1102",2021,3,27,"covid19",92177
"1103",2021,3,27,"covid",80339
"1104",2021,3,27,"prevenireslaclave",60541
"1105",2021,3,27,"coronavirus",22369
"1106",2021,3,28,"covid-19",137427
"1107",2021,3,28,"covid19",100828
"1108",2021,3,28,"covid",86242
"1109",2021,3,28,"cuidémonosenfamilia",63792
"1110",2021,3,28,"coronavirus",18508
"1111",2021,3,29,"covid-19",154225
"1112",2021,3,29,"covid",103718
"1113",2021,3,29,"covid19",103037
"1114",2021,3,29,"cuídatedelacovid19",64567
"1115",2021,3,29,"coronavirus",19109
"1116",2021,3,30,"covid-19",156507
"1117",2021,3,30,"covid19",100906
"1118",2021,3,30,"covid",73326
"1119",2021,3,30,"sputnikvcontracovid",58426
"1120",2021,3,30,"coronavirus",23396
"1121",2021,3,31,"covid-19",138530
"1122",2021,3,31,"covid19",74338
"1123",2021,3,31,"covid",66607
"1124",2021,3,31,"todoscontraelvirus",65397
"1125",2021,3,31,"coronavirus",32527
"1126",2021,4,1,"covid-19",137836
"1127",2021,4,1,"covid19",74620
"1128",2021,4,1,"covid",53721
"1129",2021,4,1,"unidosenprevención",28415
"1130",2021,4,1,"todoscontraelvirus",22977
"1131",2021,4,2,"covid-19",121619
"1132",2021,4,2,"covid19",65251
"1133",2021,4,2,"covid",63535
"1134",2021,4,2,"laprevenciónesclave",33536
"1135",2021,4,2,"coronavirus",18028
"1136",2021,4,3,"covid-19",136567
"1137",2021,4,3,"covid",90291
"1138",2021,4,3,"sputnikvgarantizavida",70360
"1139",2021,4,3,"covid19",66843
"1140",2021,4,3,"coronavirus",25074
"1141",2021,4,4,"covid-19",154887
"1142",2021,4,4,"covid19",88556
"1143",2021,4,4,"prevenireselantídoto",73446
"1144",2021,4,4,"covid",58722
"1145",2021,4,4,"coronavirus",25557
"1146",2021,4,5,"covid-19",184340
"1147",2021,4,5,"covid",75654
"1148",2021,4,5,"radicalescontralacovid19",69787
"1149",2021,4,5,"covid19",63464
"1150",2021,4,5,"coronavirus",20708
"1151",2021,4,6,"covid-19",156527
"1152",2021,4,6,"covid19",73101
"1153",2021,4,6,"covid",68086
"1154",2021,4,6,"cuidémonosdelvirus",50182
"1155",2021,4,6,"radicalescontralacovid19",16564
"1156",2021,4,7,"covid-19",160248
"1157",2021,4,7,"covid",79736
"1158",2021,4,7,"covid19",68577
"1159",2021,4,7,"prevenciónenfamilia",53975
"1160",2021,4,7,"coronavirus",19802
"1161",2021,4,8,"covid-19",152964
"1162",2021,4,8,"covid",81806
"1163",2021,4,8,"covid19",60305
"1164",2021,4,8,"juntoscontralacovid19",51256
"1165",2021,4,8,"coronavirus",21291
"1166",2021,4,9,"covid-19",141131
"1167",2021,4,9,"covid",81063
"1168",2021,4,9,"covid19",69467
"1169",2021,4,9,"bioseguridadporlavida",54512
"1170",2021,4,9,"coronavirus",23411
"1171",2021,4,10,"covid-19",136677
"1172",2021,4,10,"covid",86423
"1173",2021,4,10,"covid19",67204
"1174",2021,4,10,"luchacontralacovid19",57482
"1175",2021,4,10,"coronavirus",19995
"1176",2021,4,11,"covid-19",120396
"1177",2021,4,11,"covid",61937
"1178",2021,4,11,"covid19",46805
"1179",2021,4,11,"luchacontralacovid19",24136
"1180",2021,4,11,"venezuelacombatelacovid",22702
"1181",2021,4,12,"covid-19",57579
"1182",2021,4,12,"covid",32898
"1183",2021,4,12,"coronavirus",16952
"1184",2021,4,12,"covid19",6437
"1185",2021,4,12,"venezuelacombatelacovid",4822
"1186",2021,4,13,"covid-19",103396
"1187",2021,4,13,"covid",52912
"1188",2021,4,13,"covid19",52012
"1189",2021,4,13,"coronavirus",15068
"1190",2021,4,13,"notimippci",10450
"1191",2021,4,14,"covid-19",114823
"1192",2021,4,14,"covid",60342
"1193",2021,4,14,"covid19",55908
"1194",2021,4,14,"notimippci",16641
"1195",2021,4,14,"coronavirus",14898
"1196",2021,4,15,"covid-19",72288
"1197",2021,4,15,"covid",62596
"1198",2021,4,15,"covid19",43413
"1199",2021,4,15,"coronavirus",12082
"1200",2021,4,15,"p1",4002
"1201",2021,4,16,"covid-19",94592
"1202",2021,4,16,"covid",69358
"1203",2021,4,16,"covid19",46680
"1204",2021,4,16,"coronavirus",23915
"1205",2021,4,16,"te ponesss loquita de nocheee",15120
"1206",2021,4,17,"covid-19",137177
"1207",2021,4,17,"daleunparaoalacovid",56083
"1208",2021,4,17,"covid",49079
"1209",2021,4,17,"covid19",39798
"1210",2021,4,17,"coronavirus",17609
"1211",2021,4,18,"covid-19",121648
"1212",2021,4,18,"prevenirsalvavidas",60823
"1213",2021,4,18,"covid",53796
"1214",2021,4,18,"covid19",44187
"1215",2021,4,18,"daleunparaoalacovid",22584
"1216",2021,4,19,"covid-19",120875
"1217",2021,4,19,"covid",69367
"1218",2021,4,19,"covid19",53421
"1219",2021,4,19,"abrildefuegopatrio",18510
"1220",2021,4,19,"prevenirsalvavidas",16669
"1221",2021,4,20,"covid-19",148557
"1222",2021,4,20,"lacovidnoesjuego",67199
"1223",2021,4,20,"covid",51523
"1224",2021,4,20,"covid19",50310
"1225",2021,4,20,"coronavirus",15146
"1226",2021,4,21,"covid-19",120963
"1227",2021,4,21,"covid",68070
"1228",2021,4,21,"covid19",48515
"1229",2021,4,21,"prevenirporlavida",29589
"1230",2021,4,21,"lacovidnoesjuego",21238
"1231",2021,4,23,"covid-19",100061
"1232",2021,4,23,"covid",48277
"1233",2021,4,23,"covid19",45134
"1234",2021,4,23,"prevenirparavivir",38173
"1235",2021,4,23,"coronavirus",14157
"1236",2021,4,24,"covid-19",101446
"1237",2021,4,24,"preveniresclave",42102
"1238",2021,4,24,"covid",39999
"1239",2021,4,24,"covid19",32290
"1240",2021,4,24,"coronavirus",9476
"1241",2021,4,25,"covid-19",92212
"1242",2021,4,25,"cuidémonosdelacovid",52367
"1243",2021,4,25,"covid",36605
"1244",2021,4,25,"covid19",33104
"1245",2021,4,25,"preveniresclave",19712
"1246",2021,4,26,"covid-19",90935
"1247",2021,4,26,"covid",46634
"1248",2021,4,26,"semanaflexible",39909
"1249",2021,4,26,"covid19",37392
"1250",2021,4,26,"coronavirus",16455
"1251",2021,4,27,"covid-19",107065
"1252",2021,4,27,"covid",49164
"1253",2021,4,27,"covid19",35981
"1254",2021,4,27,"coronavirus",20251
"1255",2021,4,27,"abrazalavida",11528
"1256",2021,4,28,"covid-19",71398
"1257",2021,4,28,"covid",43436
"1258",2021,4,28,"covid19",36778
"1259",2021,4,28,"coronavirus",20181
"1260",2021,4,28,"essen",7184
"1261",2021,4,29,"covid-19",72247
"1262",2021,4,29,"covid",44418
"1263",2021,4,29,"covid19",36746
"1264",2021,4,29,"coronavirus",18864
"1265",2021,4,29,"p1",4709
"1266",2021,4,30,"covid-19",82826
"1267",2021,4,30,"covid",41812
"1268",2021,4,30,"covid19",33247
"1269",2021,4,30,"coronavirus",17945
"1270",2021,4,30,"p1",9611
"1271",2021,5,1,"covid-19",51598
"1272",2021,5,1,"covid",36466
"1273",2021,5,1,"covid19",29721
"1274",2021,5,1,"coronavirus",10517
"1275",2021,5,1,"p1",3398
"1276",2021,5,2,"covid-19",81804
"1277",2021,5,2,"fuertescontralacovid",57146
"1278",2021,5,2,"covid",33311
"1279",2021,5,2,"covid19",25128
"1280",2021,5,2,"mippcivzla",6636
"1281",2021,5,3,"covid-19",82235
"1282",2021,5,3,"covid",42450
"1283",2021,5,3,"radicalescontralacovid",40296
"1284",2021,5,3,"covid19",33207
"1285",2021,5,3,"coronavirus",12967
"1286",2021,5,4,"covid-19",82364
"1287",2021,5,4,"covid",47175
"1288",2021,5,4,"prevenirporlavida",32195
"1289",2021,5,4,"covid19",30646
"1290",2021,5,4,"radicalescontralacovid",15860
"1291",2021,5,5,"covid-19",69129
"1292",2021,5,5,"covid",38916
"1293",2021,5,5,"covid19",30290
"1294",2021,5,5,"coronavirus",14734
"1295",2021,5,5,"prevenirporlavida",7826
"1296",2021,5,6,"covid-19",48388
"1297",2021,5,6,"covid",28764
"1298",2021,5,6,"covid19",28646
"1299",2021,5,6,"coronavirus",7110
"1300",2021,5,6,"protejamoslavida",7034
"1301",2021,5,7,"covid-19",58688
"1302",2021,5,7,"covid",40496
"1303",2021,5,7,"covid19",37859
"1304",2021,5,7,"lacovid19noesjuego",10503
"1305",2021,5,7,"coronavirus",9874
"1306",2021,5,8,"covid-19",49838
"1307",2021,5,8,"covid",37095
"1308",2021,5,8,"covid19",29599
"1309",2021,5,8,"luchemoscontraelvirus",13090
"1310",2021,5,8,"coronavirus",9938
"1311",2021,5,9,"covid",33492
"1312",2021,5,9,"covid-19",32784
"1313",2021,5,9,"covid19",25128
"1314",2021,5,9,"coronavirus",8156
"1315",2021,5,9,"covidー19",3783
"1316",2021,5,10,"covid-19",44992
"1317",2021,5,10,"covid",37963
"1318",2021,5,10,"covid19",30690
"1319",2021,5,10,"coronavirus",12514
"1320",2021,5,10,"vuelvefrancino",9444
"1321",2021,5,12,"covid-19",47744
"1322",2021,5,12,"covid",39809
"1323",2021,5,12,"covid19",35475
"1324",2021,5,12,"coronavirus",8139
"1325",2021,5,12,"lacovidnodiscrimina",3319
"1326",2021,5,13,"covid-19",39130
"1327",2021,5,13,"covid",34484
"1328",2021,5,13,"covid19",32139
"1329",2021,5,13,"coronavirus",6441
"1330",2021,5,13,"covid 19",2612
"1331",2021,5,15,"covid",34362
"1332",2021,5,15,"covid-19",31279
"1333",2021,5,15,"covid19",23918
"1334",2021,5,15,"coronavirus",5042
"1335",2021,5,15,"covid 19",1781
"1336",2021,5,16,"covid",41000
"1337",2021,5,16,"covid-19",35543
"1338",2021,5,16,"covid19",21985
"1339",2021,5,16,"coronavirus",4754
"1340",2021,5,16,"primera",2410
"1341",2021,5,17,"covid-19",45629
"1342",2021,5,17,"covid",33018
"1343",2021,5,17,"covid19",29601
"1344",2021,5,17,"missuniverse",16562
"1345",2021,5,17,"miss universo",14293
"1346",2021,5,18,"covid-19",42783
"1347",2021,5,18,"covid",37648
"1348",2021,5,18,"covid19",29463
"1349",2021,5,18,"coronavirus",8214
"1350",2021,5,18,"semanaradicalconsciente",2346
"1351",2021,5,19,"covid-19",46172
"1352",2021,5,19,"covid",40682
"1353",2021,5,19,"covid19",31446
"1354",2021,5,19,"coronavirus",7656
"1355",2021,5,19,"eliminaelbloqueo",2358
"1356",2021,5,20,"covid-19",47912
"1357",2021,5,20,"covid",33475
"1358",2021,5,20,"covid19",30204
"1359",2021,5,20,"coronavirus",8377
"1360",2021,5,20,"cédula de identidad",2816
"1361",2021,5,21,"covid-19",44084
"1362",2021,5,21,"covid",43626
"1363",2021,5,21,"covid19",26253
"1364",2021,5,21,"coronavirus",8279
"1365",2021,5,21,"sars-cov-2",2597
"1366",2021,5,22,"covid-19",43052
"1367",2021,5,22,"covid",40666
"1368",2021,5,22,"covid19",24835
"1369",2021,5,22,"coronavirus",6457
"1370",2021,5,22,"quítalelacoronaalvirus",4915
"1371",2021,5,23,"covid-19",41409
"1372",2021,5,23,"covid",40168
"1373",2021,5,23,"covid19",34809
"1374",2021,5,23,"coronavirus",6173
"1375",2021,5,23,"colaboración médica cubana",5529
"1376",2021,5,24,"covid-19",52693
"1377",2021,5,24,"covid19",41608
"1378",2021,5,24,"covid",37151
"1379",2021,5,24,"vacunasparaelpueblo",9158
"1380",2021,5,24,"coronavirus",7641
"1381",2021,5,26,"covid-19",53703
"1382",2021,5,26,"covid",50910
"1383",2021,5,26,"covid19",27877
"1384",2021,5,26,"coronavirus",8167
"1385",2021,5,26,"morenanosdejómorir",4837
"1386",2021,5,28,"covid-19",47961
"1387",2021,5,28,"covid",39846
"1388",2021,5,28,"covid19",32837
"1389",2021,5,28,"coronavirus",8044
"1390",2021,5,28,"te pones loquita de noche",5178
"1391",2021,5,29,"covid-19",45737
"1392",2021,5,29,"covid",35176
"1393",2021,5,29,"covid19",28610
"1394",2021,5,29,"coronavirus",6089
"1395",2021,5,29,"vacunasparalavida",5355
"1396",2021,5,30,"covid-19",41623
"1397",2021,5,30,"covid",40972
"1398",2021,5,30,"covid19",25925
"1399",2021,5,30,"venezuelasevacuna",5914
"1400",2021,5,30,"coronavirus",5285
"1401",2021,5,31,"covid-19",57632
"1402",2021,5,31,"covid",44256
"1403",2021,5,31,"covid19",35863
"1404",2021,5,31,"semanaradicalconsciente",8761
"1405",2021,5,31,"copa américa",8348
"1406",2021,6,2,"covid-19",62880
"1407",2021,6,2,"covid",49829
"1408",2021,6,2,"covid19",33471
"1409",2021,6,2,"coronavirus",8137
"1410",2021,6,2,"covid 19",3548
"1411",2021,6,3,"covid-19",52929
"1412",2021,6,3,"covid",46976
"1413",2021,6,3,"covid19",38766
"1414",2021,6,3,"coronavirus",7031
"1415",2021,6,3,"covid 19",5031
"1416",2021,6,4,"covid-19",49509
"1417",2021,6,4,"covid",46769
"1418",2021,6,4,"covid19",31140
"1419",2021,6,4,"coronavirus",7584
"1420",2021,6,4,"covid 19",2817
"1421",2021,6,5,"covid-19",34637
"1422",2021,6,5,"covid",28239
"1423",2021,6,5,"covid19",24225
"1424",2021,6,5,"coronavirus",5321
"1425",2021,6,5,"covid 19",1680
"1426",2021,6,6,"covid-19",31016
"1427",2021,6,6,"covid",28634
"1428",2021,6,6,"covid19",20711
"1429",2021,6,6,"sputnik v",4957
"1430",2021,6,6,"coronavirus",4892
"1431",2021,6,7,"covid-19",45697
"1432",2021,6,7,"covid",42591
"1433",2021,6,7,"covid19",24364
"1434",2021,6,7,"vih",14670
"1435",2021,6,7,"coronavirus",6405
"1436",2021,6,8,"covid-19",47691
"1437",2021,6,8,"covid",46360
"1438",2021,6,8,"covid19",30425
"1439",2021,6,8,"vih",10052
"1440",2021,6,8,"coronavirus",6159
"1441",2021,6,10,"covid-19",49329
"1442",2021,6,10,"covid",44097
"1443",2021,6,10,"covid19",35765
"1444",2021,6,10,"coronavirus",7781
"1445",2021,6,10,"delta",2597
"1446",2021,6,11,"covid-19",45138
"1447",2021,6,11,"covid",36737
"1448",2021,6,11,"covid19",31647
"1449",2021,6,11,"coronavirus",6758
"1450",2021,6,11,"covidー19",2469
"1451",2021,6,12,"covid",61054
"1452",2021,6,12,"covid-19",46639
"1453",2021,6,12,"covid19",32905
"1454",2021,6,12,"copa américa",6613
"1455",2021,6,12,"coronavirus",5996
"1456",2021,6,13,"covid",44206
"1457",2021,6,13,"covid-19",38689
"1458",2021,6,13,"covid19",21867
"1459",2021,6,13,"coronavirus",4943
"1460",2021,6,13,"copa américa",3304
"1461",2021,6,14,"covid-19",47665
"1462",2021,6,14,"covid",39260
"1463",2021,6,14,"covid19",30732
"1464",2021,6,14,"coronavirus",6186
"1465",2021,6,14,"delta",2882
"1466",2021,6,15,"covid-19",49611
"1467",2021,6,15,"covid",37342
"1468",2021,6,15,"covid19",33663
"1469",2021,6,15,"coronavirus",5425
"1470",2021,6,15,"delta",4377
"1471",2021,6,16,"covid-19",48913
"1472",2021,6,16,"covid",39370
"1473",2021,6,16,"covid19",29154
"1474",2021,6,16,"coronavirus",5400
"1475",2021,6,16,"“covid resilience ranking”",2490
"1476",2021,6,18,"covid-19",44364
"1477",2021,6,18,"covid",42707
"1478",2021,6,18,"covid19",29830
"1479",2021,6,18,"coronavirus",6547
"1480",2021,6,18,"show champion",2667
"1481",2021,6,19,"covid",39204
"1482",2021,6,19,"covid-19",38240
"1483",2021,6,19,"covid19",25592
"1484",2021,6,19,"coronavirus",4421
"1485",2021,6,19,"col",3483
"1486",2021,6,20,"covid-19",32201
"1487",2021,6,20,"covid",24982
"1488",2021,6,20,"covid19",24181
"1489",2021,6,20,"coronavirus",4577
"1490",2021,6,20,"soberana02",3293
"1491",2021,6,21,"covid-19",49105
"1492",2021,6,21,"covid",31070
"1493",2021,6,21,"covid19",28103
"1494",2021,6,21,"coronavirus",8245
"1495",2021,6,21,"delta",5255
"1496",2021,6,22,"covid-19",57339
"1497",2021,6,22,"covid19",51435
"1498",2021,6,22,"covid",49688
"1499",2021,6,22,"coronavirus",12930
"1500",2021,6,22,"abdala",7994
"1501",2021,6,23,"covid-19",46129
"1502",2021,6,23,"covid19",40395
"1503",2021,6,23,"covid",38646
"1504",2021,6,23,"delta",8396
"1505",2021,6,23,"coronavirus",6408
"1506",2021,6,24,"covid",46858
"1507",2021,6,24,"covid-19",42862
"1508",2021,6,24,"covid19",31591
"1509",2021,6,24,"delta",13080
"1510",2021,6,24,"abdala",6148
"1511",2021,6,25,"covid-19",49255
"1512",2021,6,25,"covid",41942
"1513",2021,6,25,"covid19",34263
"1514",2021,6,25,"delta",8842
"1515",2021,6,25,"coronavirus",6299
"1516",2021,6,26,"covid-19",38786
"1517",2021,6,26,"covid",33577
"1518",2021,6,26,"covid19",23839
"1519",2021,6,26,"delta",10521
"1520",2021,6,26,"coronavirus",5200
"1521",2021,6,27,"covid-19",39675
"1522",2021,6,27,"covid",38745
"1523",2021,6,27,"covid19",22337
"1524",2021,6,27,"coronavirus",5133
"1525",2021,6,27,"delta",4971
"1526",2021,6,28,"covid-19",41531
"1527",2021,6,28,"covid",40824
"1528",2021,6,28,"covid19",30041
"1529",2021,6,28,"covid 19",7384
"1530",2021,6,28,"coronavirus",5630
"1531",2021,6,29,"covid",47128
"1532",2021,6,29,"covid-19",43359
"1533",2021,6,29,"covid19",29416
"1534",2021,6,29,"delta",9182
"1535",2021,6,29,"coronavirus",6640
"1536",2021,6,30,"covid-19",40714
"1537",2021,6,30,"covid",34690
"1538",2021,6,30,"covid19",30108
"1539",2021,6,30,"coronavirus",7699
"1540",2021,6,30,"delta",6743
"1541",2021,7,1,"covid-19",42556
"1542",2021,7,1,"covid",34469
"1543",2021,7,1,"covid19",26246
"1544",2021,7,1,"delta",6720
"1545",2021,7,1,"coronavirus",6274
"1546",2021,7,2,"covid-19",42892
"1547",2021,7,2,"covid",32205
"1548",2021,7,2,"covid19",29606
"1549",2021,7,2,"delta",7499
"1550",2021,7,2,"covid 19",5404
"1551",2021,7,3,"covid-19",35288
"1552",2021,7,3,"covid",27217
"1553",2021,7,3,"covid19",24969
"1554",2021,7,3,"delta",5036
"1555",2021,7,3,"coronavirus",4746
"1556",2021,7,4,"covid-19",33240
"1557",2021,7,4,"covid",23664
"1558",2021,7,4,"covid19",21921
"1559",2021,7,4,"coronavirus",4840
"1560",2021,7,4,"delta",4404
"1561",2021,7,5,"covid-19",45911
"1562",2021,7,5,"covid",37140
"1563",2021,7,5,"covid19",27025
"1564",2021,7,5,"coronavirus",7908
"1565",2021,7,5,"delta",4890
"1566",2021,7,6,"covid-19",56268
"1567",2021,7,6,"covid",46239
"1568",2021,7,6,"covid19",34190
"1569",2021,7,6,"coronavirus",7662
"1570",2021,7,6,"delta",5194
"1571",2021,7,7,"covid-19",47692
"1572",2021,7,7,"covid",44870
"1573",2021,7,7,"covid19",33711
"1574",2021,7,7,"coronavirus",6032
"1575",2021,7,7,"delta",5448
"1576",2021,7,8,"covid-19",46733
"1577",2021,7,8,"covid19",38022
"1578",2021,7,8,"covid",32571
"1579",2021,7,8,"coronavirus",5401
"1580",2021,7,8,"delta",4784
"1581",2021,7,9,"covid-19",43276
"1582",2021,7,9,"covid19",38179
"1583",2021,7,9,"covid",32269
"1584",2021,7,9,"coronavirus",5438
"1585",2021,7,9,"delta",4652
"1586",2021,7,10,"covid-19",34722
"1587",2021,7,10,"covid19",31681
"1588",2021,7,10,"covid",26058
"1589",2021,7,10,"coronavirus",4445
"1590",2021,7,10,"abdala",3891
"1591",2021,7,11,"covid-19",37054
"1592",2021,7,11,"covid",28625
"1593",2021,7,11,"covid19",27451
"1594",2021,7,11,"quítalelacoronaalvirus",5969
"1595",2021,7,11,"coronavirus",4548
"1596",2021,7,12,"covid-19",43487
"1597",2021,7,12,"covid",36379
"1598",2021,7,12,"covid19",34153
"1599",2021,7,12,"coronavirus",8085
"1600",2021,7,12,"delta",3841
"1601",2021,7,13,"covid-19",42880
"1602",2021,7,13,"covid",37633
"1603",2021,7,13,"covid19",36066
"1604",2021,7,13,"coronavirus",6779
"1605",2021,7,13,"soscuba",6628
"1606",2021,7,14,"covid-19",47108
"1607",2021,7,14,"covid",37798
"1608",2021,7,14,"covid19",36683
"1609",2021,7,14,"coronavirus",7490
"1610",2021,7,14,"delta",4446
"1611",2021,7,15,"covid",51718
"1612",2021,7,15,"covid-19",47559
"1613",2021,7,15,"covid19",34552
"1614",2021,7,15,"coronavirus",6929
"1615",2021,7,15,"delta",5000
"1616",2021,7,16,"covid-19",51909
"1617",2021,7,16,"covid",38997
"1618",2021,7,16,"covid19",32559
"1619",2021,7,16,"epoc",6625
"1620",2021,7,16,"coronavirus",5440
"1621",2021,7,18,"covid-19",30868
"1622",2021,7,18,"covid",30162
"1623",2021,7,18,"covid19",22105
"1624",2021,7,18,"coronavirus",4549
"1625",2021,7,18,"delta",3390
"1626",2021,7,19,"covid-19",41870
"1627",2021,7,19,"covid",40508
"1628",2021,7,19,"covid19",32166
"1629",2021,7,19,"coronavirus",5934
"1630",2021,7,19,"juntoscontralacovid19",5456
"1631",2021,7,20,"covid",44763
"1632",2021,7,20,"covid-19",42417
"1633",2021,7,20,"covid19",35821
"1634",2021,7,20,"coronavirus",6000
"1635",2021,7,20,"delta",4884
"1636",2021,7,21,"covid",45460
"1637",2021,7,21,"covid-19",44156
"1638",2021,7,21,"covid19",30550
"1639",2021,7,21,"san juan",5630
"1640",2021,7,21,"coronavirus",5352
"1641",2021,7,22,"covid-19",43857
"1642",2021,7,22,"covid",43241
"1643",2021,7,22,"covid19",32011
"1644",2021,7,22,"coronavirus",6034
"1645",2021,7,22,"delta",5294
"1646",2021,7,23,"covid-19",46801
"1647",2021,7,23,"covid",43737
"1648",2021,7,23,"covid19",33325
"1649",2021,7,23,"coronavirus",5554
"1650",2021,7,23,"delta",4052
"1651",2021,7,24,"covid-19",36392
"1652",2021,7,24,"covid",33832
"1653",2021,7,24,"covid19",28432
"1654",2021,7,24,"coronavirus",3781
"1655",2021,7,24,"pcr",3607
"1656",2021,7,25,"covid",31568
"1657",2021,7,25,"covid-19",30392
"1658",2021,7,25,"covid19",27390
"1659",2021,7,25,"luchacontralacovid19",7350
"1660",2021,7,25,"coronavirus",3525
"1661",2021,7,26,"covid19",57890
"1662",2021,7,26,"covid",50558
"1663",2021,7,26,"covid-19",45224
"1664",2021,7,26,"misión médica",7002
"1665",2021,7,26,"o2",6563
"1666",2021,7,27,"covid",55683
"1667",2021,7,27,"covid-19",46596
"1668",2021,7,27,"covid19",38737
"1669",2021,7,27,"o2",10345
"1670",2021,7,27,"coronavirus",6978
"1671",2021,7,28,"covid",47561
"1672",2021,7,28,"covid-19",41704
"1673",2021,7,28,"covid19",38583
"1674",2021,7,28,"delta",6414
"1675",2021,7,28,"coronavirus",5761
"1676",2021,7,29,"covid",47992
"1677",2021,7,29,"covid-19",43865
"1678",2021,7,29,"covid19",41151
"1679",2021,7,29,"coronavirus",5276
"1680",2021,7,29,"delta",4333
"1681",2021,7,30,"covid-19",47097
"1682",2021,7,30,"covid",39615
"1683",2021,7,30,"covid19",31286
"1684",2021,7,30,"delta",18242
"1685",2021,7,30,"coronavirus",6968
